document_id,title,subtitle,first_sentence,subjects,ddc_candidates,languages,author_keys,edition_keys,source,query,source_page,retrieved_at,label_provenance,ddc_original_candidates,correction_evidence,ddc_valid_candidates,ddc_invalid_candidates,ddc_full,label_level_1,label_level_2,label_level_3,label_status,input_kind,text_without_subjects,subjects_clean,text_with_subjects,text_hash,group_id,exclusion_reason,reviewer_ddc,reviewer_evidence,reviewer_notes,reviewer_status,reviewer_main_class,reviewer,review_scope,reviewed_at
OL44560737W,Integrating Advanced Technologies for Enhanced Security and Efficiency,,,,"[""005.82""]","[""eng""]","[""OL8006822A"", ""OL7971692A"", ""OL7899590A"", ""OL8272272A""]","[""OL60854081M""]",https://openlibrary.org/search.json,ddc:0* AND language:eng,3,2026-09-06T14:56:48.094462+00:00,all_returned_candidates,"[""005.82""]",,"[""005.82""]",[],005.82,000,000,005,single_code,structured_metadata,Integrating Advanced Technologies for Enhanced Security and Efficiency,,Integrating Advanced Technologies for Enhanced Security and Efficiency,e8547c72f364ba602747830d705b4f806178c028b40c6528a463a138f054b704,group_0000233,,,https://openlibrary.org/works/OL44560737W.json ; https://openlibrary.org/books/OL60854081M.json ; https://link.springer.com/book/10.1007/978-3-031-91798-1,"Publisher describes cybersecurity, AI threat detection and secure systems. Computing is supported; the exact 005.82 assignment is not independently certified.",supported_L1,000,Codex assisted source review,L1 only; detailed DDC not certified,2026-09-07T02:20:03.371409+00:00
OL44555921W,AI-Based Image and Video Coding,,,,"[""006.6""]","[""eng""]","[""OL5082071A""]","[""OL60844988M""]",https://openlibrary.org/search.json,ddc:0* AND language:eng,5,2026-09-06T14:56:49.985517+00:00,all_returned_candidates,"[""006.6""]",,"[""006.6""]",[],006.6,000,000,006,single_code,structured_metadata,AI-Based Image and Video Coding,,AI-Based Image and Video Coding,659d6d77877b2b79b177f1ff762712523e33d5d466e8e84cb6ab2a14dc682624,group_0000404,,,https://openlibrary.org/works/OL44555921W.json ; https://openlibrary.org/books/OL60844988M.json,Image and video coding using AI fits computing. The source title and edition label agree at L1; no description was returned.,plausible_L1,000,Codex assisted source review,L1 only; detailed DDC not certified,2026-09-07T02:20:03.371613+00:00
OL38083554W,Banned Together,Our Fight for Readers' Rights,,Children's fiction Nonfiction Short Stories Anthologies Books About Books Essays Poetry Banned Books LGBT Politics,"[""025.213""]","[""eng""]","[""OL6839668A"", ""OL7115206A"", ""OL24243A"", ""OL1482659A"", ""OL7541562A"", ""OL7610715A"", ""OL7644866A"", ""OL5079014A"", ""OL7536511A"", ""OL7121321A"", ""OL7906564A"", ""OL7521471A"", ""OL7540384A"", ""OL2947564A"", ""OL3132444A""]","[""OL51741748M""]",https://openlibrary.org/search.json,ddc:0* AND language:eng,1,2026-09-06T14:56:45.256685+00:00,all_returned_candidates,"[""025.213""]",,"[""025.213""]",[],025.213,000,020,025,single_code,structured_metadata,Banned Together. Our Fight for Readers' Rights,Children's fiction Nonfiction Short Stories Anthologies Books About Books Essays Poetry Banned Books LGBT Politics,Banned Together. Our Fight for Readers' Rights Subjects: Children's fiction Nonfiction Short Stories Anthologies Books About Books Essays Poetry Banned Books LGBT Politics,06d45a42d5541759f3a90f587cf9451cfbf01c54fbbdf4fd678b07f68288008f,group_0000035,,,https://openlibrary.org/works/OL38083554W.json ; https://openlibrary.org/books/OL51741748M.json,"The work description focuses on book bans, censorship and readers' rights. Its mixture of literary forms does not by itself justify moving it to literature.",supported_L1,000,Codex assisted source review,L1 only; detailed DDC not certified,2026-09-07T02:20:03.371615+00:00
OL44552650W,"Arabic Writing Tradition, an Historical Survey, Volume 11",,,,"[""016.4927""]","[""eng""]","[""OL8571307A"", ""OL583379A""]","[""OL60839450M""]",https://openlibrary.org/search.json,ddc:0* AND language:eng,3,2026-09-06T14:56:48.094462+00:00,all_returned_candidates,"[""016.4927""]",,"[""016.4927""]",[],016.4927,000,010,016,single_code,structured_metadata,"Arabic Writing Tradition, an Historical Survey, Volume 11",,"Arabic Writing Tradition, an Historical Survey, Volume 11",5f9bb1e8108ce4a89d3ccd68656a797b38a6ea3b857ae6dad55b8c03220a35ff,group_0000275,,,https://openlibrary.org/works/OL44552650W.json ; https://openlibrary.org/books/OL60839450M.json ; https://mitpressbookstore.mit.edu/book/9789004738638,The title belongs to a bibliographical survey of Arabic writings. A bibliography can belong in 000 even when its topic is science or language. Verify the exact 016.4927 code separately.,plausible_L1_check_detail,000,Codex assisted source review,L1 only; detailed DDC not certified,2026-09-07T02:20:03.371618+00:00
OL44560859W,Vernacular World of Pu Songling,,,,"[""028.90951""]","[""eng""]","[""OL16029396A""]","[""OL60854303M""]",https://openlibrary.org/search.json,ddc:0* AND language:eng,3,2026-09-06T14:56:48.094462+00:00,all_returned_candidates,"[""028.90951""]",,"[""028.90951""]",[],028.90951,000,020,028,single_code,structured_metadata,Vernacular World of Pu Songling,,Vernacular World of Pu Songling,f461146e2107d38b4dc9012b00d28b4547fe824bc556c8f04ce3835cd61a2980,group_0000238,,,https://openlibrary.org/works/OL44560859W.json ; https://openlibrary.org/books/OL60854303M.json ; https://repository.upenn.edu/server/api/core/bitstreams/963d13b2-3e7c-4531-bda7-7a60744cd2d2/content,"The available academic description concerns Pu Songling's vernacular writings, manuscripts and local textual culture. The boundary between reading culture in 000 and literary study in 800 needs cataloger review. Do not replace the existing code from the title alone.",unresolved_L1,,Codex assisted source review,L1 only; detailed DDC not certified,2026-09-07T02:20:03.371620+00:00
OL44550898W,Thomas Aquinas on the Immateriality of the Human Intellect,,,,"[""128.2""]","[""eng""]","[""OL3055714A""]","[""OL60836566M""]",https://openlibrary.org/search.json,ddc:1* AND language:eng,4,2026-09-06T14:56:55.055900+00:00,all_returned_candidates,"[""128.2""]",,"[""128.2""]",[],128.2,100,120,128,single_code,structured_metadata,Thomas Aquinas on the Immateriality of the Human Intellect,,Thomas Aquinas on the Immateriality of the Human Intellect,17525bf8d0a714fbfb7ce10428979867ad390228c0d56ec54c9db080750ebc8b,group_0000838,,,https://openlibrary.org/works/OL44550898W.json ; https://openlibrary.org/books/OL60836566M.json,Study of intellect and immateriality fits philosophy. Edition notation includes a slash; preserve the original and use the agreed broad class rather than discarding the entire record.,plausible_L1,100,Codex assisted source review,L1 only; detailed DDC not certified,2026-09-07T02:20:03.371621+00:00
OL44542750W,Philosophy As a Way of Life : New Research Directions,,,Philosophy,"[""190""]","[""eng""]","[""OL6489835A""]","[""OL60824736M""]",https://openlibrary.org/search.json,ddc:1* AND language:eng,4,2026-09-06T14:56:55.055900+00:00,all_returned_candidates,"[""190""]",,"[""190""]",[],190,100,190,190,single_code,structured_metadata,Philosophy As a Way of Life : New Research Directions,Philosophy,Philosophy As a Way of Life : New Research Directions Subjects: Philosophy,73c177fe430d00a48e264126adf1a356b9e4121a27bd0cbf24b6ab61d5e0cb95,group_0000855,,,https://openlibrary.org/works/OL44542750W.json ; https://openlibrary.org/books/OL60824736M.json,Title and source subject explicitly identify philosophy. No independent validation of decimal-level cataloging was performed.,plausible_L1,100,Codex assisted source review,L1 only; detailed DDC not certified,2026-09-07T02:20:03.371623+00:00
OL42409924W,Integrity and Sustainability in Sport,,,Recreation,"[""175""]","[""eng""]","[""OL10268740A"", ""OL14996962A""]","[""OL57540821M""]",https://openlibrary.org/search.json,ddc:1* AND language:eng,3,2026-09-06T14:56:53.491401+00:00,all_returned_candidates,"[""175""]",,"[""175""]",[],175,100,170,175,single_code,structured_metadata,Integrity and Sustainability in Sport,Recreation,Integrity and Sustainability in Sport Subjects: Recreation,4caffe3b4a265d7b5dd651ead84cec5f08a49964df6f1f78f4ecba5f0bdb0bae,group_0000745,,,https://openlibrary.org/works/OL42409924W.json ; https://openlibrary.org/books/OL57540821M.json ; https://www.routledge.com/Integrity-and-Sustainability-in-Sport-Business-Environmental-and-Social-Goals/Manoli-Konstantopoulos/p/book/9781032591377,Publisher frames sporting sustainability through integrity and ethics. A sports title can reasonably be classified under ethics; do not change to 700 just because it mentions sport.,supported_L1,100,Codex assisted source review,L1 only; detailed DDC not certified,2026-09-07T02:20:03.371625+00:00
OL42416767W,Drink Water and Mind Your Business,,,Psychology,"[""158.108996""]","[""eng""]","[""OL10033411A""]","[""OL57553008M""]",https://openlibrary.org/search.json,ddc:1* AND language:eng,2,2026-09-06T14:56:52.877066+00:00,all_returned_candidates,"[""158.108996""]",,"[""158.108996""]",[],158.108996,100,150,158,single_code,structured_metadata,Drink Water and Mind Your Business,Psychology,Drink Water and Mind Your Business Subjects: Psychology,ba2a43b59f19e1d003c07605bd22ba6ef856313ab2b3de312eb498213a92539e,group_0000668,,,https://openlibrary.org/works/OL42416767W.json ; https://openlibrary.org/books/OL57553008M.json,"The source assigns psychology, consistent with an applied-psychology/self-help classification. The title alone is insufficient to validate its detailed code.",plausible_L1,100,Codex assisted source review,L1 only; detailed DDC not certified,2026-09-07T02:20:03.371628+00:00
OL42545432W,Kant and the Path of German Idealism,,,Philosophy,"[""193""]","[""eng""]","[""OL13201531A""]","[""OL57750167M""]",https://openlibrary.org/search.json,ddc:1* AND language:eng,4,2026-09-06T14:56:55.055900+00:00,all_returned_candidates,"[""193""]",,"[""193""]",[],193,100,190,193,single_code,structured_metadata,Kant and the Path of German Idealism,Philosophy,Kant and the Path of German Idealism Subjects: Philosophy,e8b2318846da797729863e6ab7c15a4a55ae52c6a8311f8269218c4e151652d8,group_0000832,,,https://openlibrary.org/works/OL42545432W.json ; https://openlibrary.org/books/OL57750167M.json,"Kant and German idealism are explicitly the topic, consistent with philosophy.",plausible_L1,100,Codex assisted source review,L1 only; detailed DDC not certified,2026-09-07T02:20:03.371630+00:00
OL42400201W,New ERA of Comparison in Biblical Studies,,,"Bible, criticism, interpretation, etc.","[""220.072""]","[""eng""]","[""OL9735958A"", ""OL14992366A"", ""OL3619189A"", ""OL2847174A""]","[""OL57525721M""]",https://openlibrary.org/search.json,ddc:2* AND language:eng,3,2026-09-06T14:57:00.125027+00:00,all_returned_candidates,"[""220.072""]",,"[""220.072""]",[],220.072,200,220,220,single_code,structured_metadata,New ERA of Comparison in Biblical Studies,"Bible, criticism, interpretation, etc.","New ERA of Comparison in Biblical Studies Subjects: Bible, criticism, interpretation, etc.",21f42d1b6b7b793d8f9ae238b98fc1068f8aa1812f0463869dda9da2f171b450,group_0001213,,,https://openlibrary.org/works/OL42400201W.json ; https://openlibrary.org/books/OL57525721M.json,Biblical comparison and interpretation fit religion; the work subjects also identify biblical criticism.,plausible_L1,200,Codex assisted source review,L1 only; detailed DDC not certified,2026-09-07T02:20:03.371632+00:00
OL44561124W,"Anglicanism, Missions and Empire",,,"Theology, practical","[""266.3""]","[""eng""]","[""OL575993A""]","[""OL60854847M""]",https://openlibrary.org/search.json,ddc:2* AND language:eng,5,2026-09-06T14:57:02.408977+00:00,all_returned_candidates,"[""266.3""]",,"[""266.3""]",[],266.3,200,260,266,single_code,structured_metadata,"Anglicanism, Missions and Empire","Theology, practical","Anglicanism, Missions and Empire Subjects: Theology, practical",07a5a7dbee1f765cecca86105c21b5ada18c05764323d6c61ed4c4dd89983042,group_0001400,,,https://openlibrary.org/works/OL44561124W.json ; https://openlibrary.org/books/OL60854847M.json,"Anglican missions and practical theology support religion as the broad class, despite the historical context.",plausible_L1,200,Codex assisted source review,L1 only; detailed DDC not certified,2026-09-07T02:20:03.371634+00:00
OL44542525W,Religious Super-Diversity and Peacebuilding Across Asia and Its Diasporas,,,Religion,"[""201.5""]","[""eng""]","[""OL16020824A"", ""OL364847A""]","[""OL60824461M""]",https://openlibrary.org/search.json,ddc:2* AND language:eng,5,2026-09-06T14:57:02.408977+00:00,all_returned_candidates,"[""201.5""]",,"[""201.5""]",[],201.5,200,200,201,single_code,structured_metadata,Religious Super-Diversity and Peacebuilding Across Asia and Its Diasporas,Religion,Religious Super-Diversity and Peacebuilding Across Asia and Its Diasporas Subjects: Religion,1e73bcb22428d4ad5a4df92d44c01967e0aab84d3043b23571f8badf6d6a577b,group_0001442,,,https://openlibrary.org/works/OL44542525W.json ; https://openlibrary.org/books/OL60824461M.json,The title and subject identify religion and interreligious peacebuilding. Broad religion label is plausible.,plausible_L1,200,Codex assisted source review,L1 only; detailed DDC not certified,2026-09-07T02:20:03.371635+00:00
OL42554087W,Cyril of Alexandria : Against Julian,,,,"[""239""]","[""eng""]","[""OL7712639A"", ""OL2669471A"", ""OL15059340A""]","[""OL60852853M"", ""OL57764603M""]",https://openlibrary.org/search.json,ddc:2* AND language:eng,2,2026-09-06T14:56:58.842712+00:00,all_returned_candidates,"[""239""]",,"[""239""]",[],239,200,230,239,single_code,structured_metadata,Cyril of Alexandria : Against Julian,,Cyril of Alexandria : Against Julian,b38abebbb3020a77b25e46795826f6a29492ec5da4ba4c5041dd10ac56cde5ac,group_0001179,,,https://openlibrary.org/works/OL42554087W.json ; https://openlibrary.org/books/OL60852853M.json ; https://openlibrary.org/books/OL57764603M.json,"The work concerns Cyril's religious argument against Julian. Retain religion provisionally; one checked edition lacks a DDC value, which is missing evidence rather than a contradiction.",plausible_L1,200,Codex assisted source review,L1 only; detailed DDC not certified,2026-09-07T02:20:03.371637+00:00
OL44545403W,Mythology of the San Bushmen of Southern Africa,,,Religion,"[""299.681""]","[""eng""]","[""OL3232321A""]","[""OL60828454M""]",https://openlibrary.org/search.json,ddc:2* AND language:eng,5,2026-09-06T14:57:02.408977+00:00,all_returned_candidates,"[""299.681""]",,"[""299.681""]",[],299.681,200,290,299,single_code,structured_metadata,Mythology of the San Bushmen of Southern Africa,Religion,Mythology of the San Bushmen of Southern Africa Subjects: Religion,5d335f3d96321f2d0c8e6d955ff376386db101b1c6baeabdd92c4d09f1ca925f,group_0001459,,,https://openlibrary.org/works/OL44545403W.json ; https://openlibrary.org/books/OL60828454M.json,Mythology and traditional beliefs support religion. No fine-grained geographic or ethnic subdivision was independently verified.,plausible_L1,200,Codex assisted source review,L1 only; detailed DDC not certified,2026-09-07T02:20:03.371639+00:00
OL42542954W,Artificial Intelligence and Law in the Communication Professions,,,Law,"[""343.09998""]","[""eng""]","[""OL7669760A""]","[""OL57745677M""]",https://openlibrary.org/search.json,ddc:3* AND language:eng,4,2026-09-06T14:57:09.440501+00:00,all_returned_candidates,"[""343.09998""]",,"[""343.09998""]",[],343.09998,300,340,343,single_code,structured_metadata,Artificial Intelligence and Law in the Communication Professions,Law,Artificial Intelligence and Law in the Communication Professions Subjects: Law,cdfe6b631ed604d7f07ec63e0f635a4c638f915a11a511a2a2ab89595dfa707f,group_0001836,,,https://openlibrary.org/works/OL42542954W.json ; https://openlibrary.org/books/OL57745677M.json,The title concerns law applied to communication professions and AI. Law belongs within social sciences; AI in the title does not require computing.,plausible_L1,300,Codex assisted source review,L1 only; detailed DDC not certified,2026-09-07T02:20:03.371641+00:00
OL45148249W,Educating Young People for a Sustainable Future,,,Discrimination Inclusive education Sociology,"[""305.2""]","[""eng""]","[""OL8061733A"", ""OL16276976A""]","[""OL61566751M""]",https://openlibrary.org/search.json,ddc:3* AND language:eng,1,2026-09-06T14:57:04.434884+00:00,all_returned_candidates,"[""305.2""]",,"[""305.2""]",[],305.2,300,300,305,single_code,structured_metadata,Educating Young People for a Sustainable Future,Discrimination Inclusive education Sociology,Educating Young People for a Sustainable Future Subjects: Discrimination Inclusive education Sociology,badb765da4d1f67b8ac8a749b5fb384750cd2784eb08cbab6b9540bf90ddf5cb,group_0001519,,,https://openlibrary.org/works/OL45148249W.json ; https://openlibrary.org/books/OL61566751M.json ; https://www.emerald.com/books/edited-volume/21601/chapter/116487390/The-Responsibilisation-of-School-Leadership-to,"Education, inequality, inclusion and youth are social-science topics. The source label is plausible at L1; education versus youth sociology matters only for a narrower target.",plausible_L1,300,Codex assisted source review,L1 only; detailed DDC not certified,2026-09-07T02:20:03.371642+00:00
OL45909939W,Quantitative Easing and Tightening,,,Macroeconomics,"[""339.53""]","[""eng""]","[""OL3500424A""]","[""OL62463869M""]",https://openlibrary.org/search.json,ddc:3* AND language:eng,2,2026-09-06T14:57:06.198111+00:00,all_returned_candidates,"[""339.53""]",,"[""339.53""]",[],339.53,300,330,339,single_code,structured_metadata,Quantitative Easing and Tightening,Macroeconomics,Quantitative Easing and Tightening Subjects: Macroeconomics,0dce703ab4fb492a9f43c42d035e62ec48ce66050f676af36d07434991fad37d,group_0001634,,,https://openlibrary.org/works/OL45909939W.json ; https://openlibrary.org/books/OL62463869M.json,Monetary policy and macroeconomics support social sciences.,plausible_L1,300,Codex assisted source review,L1 only; detailed DDC not certified,2026-09-07T02:20:03.371644+00:00
OL42560089W,Preparing Culturally Informed Educators,,,,"[""370.117""]","[""eng""]","[""OL956535A"", ""OL214567A""]","[""OL60827797M"", ""OL57772193M""]",https://openlibrary.org/search.json,ddc:3* AND language:eng,4,2026-09-06T14:57:09.440501+00:00,all_returned_candidates,"[""370.117""]",,"[""370.117""]",[],370.117,300,370,370,single_code,structured_metadata,Preparing Culturally Informed Educators,,Preparing Culturally Informed Educators,8d3c25a21c1c2898dfee0e54712b4c4de0a2dce08335ee3c33393faee312a090,group_0001875,,,https://openlibrary.org/works/OL42560089W.json ; https://openlibrary.org/books/OL60827797M.json ; https://openlibrary.org/books/OL57772193M.json,Educator preparation and cultural inclusion support education within social sciences.,plausible_L1,300,Codex assisted source review,L1 only; detailed DDC not certified,2026-09-07T02:20:03.371646+00:00
OL45911097W,Challenging Myths on Sexual and Gender-Based Violence in Asylum Procedures,,,,"[""362.8756""]","[""eng""]","[""OL16566014A""]","[""OL62465443M""]",https://openlibrary.org/search.json,ddc:3* AND language:eng,3,2026-09-06T14:57:07.898788+00:00,all_returned_candidates,"[""362.8756""]",,"[""362.8756""]",[],362.8756,300,360,362,single_code,structured_metadata,Challenging Myths on Sexual and Gender-Based Violence in Asylum Procedures,,Challenging Myths on Sexual and Gender-Based Violence in Asylum Procedures,79d8cc4564564a2f0ae74f1380beabf0a4cf622c53c60accfa8d51045eda421c,group_0001703,,,https://openlibrary.org/works/OL45911097W.json ; https://openlibrary.org/books/OL62465443M.json,Asylum procedures and support for people affected by violence fit social sciences. Exact policy versus welfare classification is unverified.,plausible_L1,300,Codex assisted source review,L1 only; detailed DDC not certified,2026-09-07T02:20:03.371648+00:00
OL44545450W,New Cambridge History of the English Language : Volume 2,,,English language,"[""420.9""]","[""eng""]","[""OL15058151A"", ""OL3267357A""]","[""OL60842062M"", ""OL60833511M"", ""OL60828518M""]",https://openlibrary.org/search.json,ddc:4* AND language:eng,5,2026-09-06T14:57:17.817897+00:00,all_returned_candidates,"[""420.9""]",,"[""420.9""]",[],420.9,400,420,420,single_code,structured_metadata,New Cambridge History of the English Language : Volume 2,English language,New Cambridge History of the English Language : Volume 2 Subjects: English language,6954eaa428518225cdc26fe7a248ad1708a845496609abfbc1f3cfe54f596039,group_0002402,,,https://openlibrary.org/works/OL44545450W.json ; https://openlibrary.org/books/OL60842062M.json ; https://openlibrary.org/books/OL60833511M.json,The history of English as a language supports 400. Historical treatment does not automatically imply 900.,plausible_L1,400,Codex assisted source review,L1 only; detailed DDC not certified,2026-09-07T02:20:03.371651+00:00
OL42543056W,Celebrating First Nations Languages and Language Learning in Australian Schools,,,,"[""499.15071094""]","[""eng""]","[""OL15055340A"", ""OL15055341A"", ""OL8184442A""]","[""OL61567791M"", ""OL57748459M"", ""OL57745841M""]",https://openlibrary.org/search.json,ddc:4* AND language:eng,1,2026-09-06T14:57:13.129302+00:00,all_returned_candidates,"[""499.15071094""]",,"[""499.15071094""]",[],499.15071094,400,490,499,single_code,structured_metadata,Celebrating First Nations Languages and Language Learning in Australian Schools,,Celebrating First Nations Languages and Language Learning in Australian Schools,57f04ef40b302efe35facd62bf514c19db60117b4e28cd774e8d4906203f8fef,group_0002033,,,https://openlibrary.org/works/OL42543056W.json ; https://openlibrary.org/books/OL61567791M.json ; https://openlibrary.org/books/OL57748459M.json,First Nations language learning fits language; education is a related aspect that would need fuller text for precise cataloging.,plausible_L1,400,Codex assisted source review,L1 only; detailed DDC not certified,2026-09-07T02:20:03.371653+00:00
OL44546633W,Unlearning Language That Controls the Mind,,,Language and languages,"[""401.9""]","[""eng""]","[""OL16022886A""]","[""OL60830093M""]",https://openlibrary.org/search.json,ddc:4* AND language:eng,5,2026-09-06T14:57:17.817897+00:00,all_returned_candidates,"[""401.9""]",,"[""401.9""]",[],401.9,400,400,401,single_code,structured_metadata,Unlearning Language That Controls the Mind,Language and languages,Unlearning Language That Controls the Mind Subjects: Language and languages,745477d75cca1b0daea68b3f9041e16522d026da774e3b55fca307b2d69f9a46,group_0002440,,,https://openlibrary.org/works/OL44546633W.json ; https://openlibrary.org/books/OL60830093M.json,"Language and thought, supported by the language subject heading, make 400 plausible; psychology is a neighboring topic.",plausible_L1,400,Codex assisted source review,L1 only; detailed DDC not certified,2026-09-07T02:20:03.371654+00:00
OL44561131W,Linguistic Carnival of Thought,,,Language and languages,"[""401""]","[""eng""]","[""OL791206A""]","[""OL60854860M""]",https://openlibrary.org/search.json,ddc:4* AND language:eng,4,2026-09-06T14:57:16.781191+00:00,all_returned_candidates,"[""401""]",,"[""401""]",[],401,400,400,401,single_code,structured_metadata,Linguistic Carnival of Thought,Language and languages,Linguistic Carnival of Thought Subjects: Language and languages,2d4a6d9e20ba995b843d93f29dd74bbadb75f84db3941d9defa494283e74165a,group_0002324,,,https://openlibrary.org/works/OL44561131W.json ; https://openlibrary.org/books/OL60854860M.json,The title and subject indicate linguistic thought and language. Retain the broad language label provisionally.,plausible_L1,400,Codex assisted source review,L1 only; detailed DDC not certified,2026-09-07T02:20:03.371656+00:00
OL42393112W,Race to the North Pole : Peary vs. Cook,,,English language,"[""428.6""]","[""eng""]","[""OL13663317A"", ""OL7895729A""]","[""OL57515982M""]",https://openlibrary.org/search.json,ddc:4* AND language:eng,3,2026-09-06T14:57:15.200660+00:00,all_returned_candidates,"[""428.6""]",,"[""428.6""]",[],428.6,400,420,428,single_code,structured_metadata,Race to the North Pole : Peary vs. Cook,English language,Race to the North Pole : Peary vs. Cook Subjects: English language,ec8d6a194ba72d88865272f1bb0b1e959b8474cd296cefa152c83a5dc6a00b4e,group_0002230,,,https://openlibrary.org/works/OL42393112W.json ; https://openlibrary.org/books/OL57515982M.json ; https://collins.co.uk/products/9780008704490,Publisher identifies this as a Collins Big Cat graded reader with vocabulary and comprehension activities. Its purpose explains 428.6 despite the polar-exploration topic.,supported_L1,400,Codex assisted source review,L1 only; detailed DDC not certified,2026-09-07T02:20:03.371658+00:00
OL42397775W,A Comic Strip History of Planet Earth,,,Geology,"[""551.7""]","[""eng""]","[""OL13677326A""]","[""OL60854329M"", ""OL57526774M"", ""OL57738080M"", ""OL57522260M""]",https://openlibrary.org/search.json,ddc:5* AND language:eng,2,2026-09-06T14:57:19.618295+00:00,all_returned_candidates,"[""551.7""]",,"[""551.7""]",[],551.7,500,550,551,single_code,structured_metadata,A Comic Strip History of Planet Earth,Geology,A Comic Strip History of Planet Earth Subjects: Geology,8001d625e111de675fc9a60f7d7d3edd635193d821bf1e3e02a882501dec7c58,group_0002669,,,https://openlibrary.org/works/OL42397775W.json ; https://openlibrary.org/books/OL60854329M.json ; https://openlibrary.org/books/OL57526774M.json,Earth history and the geology subject support science. Comic presentation does not necessarily make a factual geology book an arts classification.,plausible_L1,500,Codex assisted source review,L1 only; detailed DDC not certified,2026-09-07T02:20:03.371659+00:00
OL42423280W,Slither,How Nature’s Most Maligned Creatures Illuminate Our World,"What does wildness, a true animal life-force, feel like in your hands?",Nonfiction Science Animals Nature Biology History Science Nature Natural History Ecology,"[""597.9600""]","[""eng""]","[""OL381367A""]","[""OL57563724M""]",https://openlibrary.org/search.json,ddc:5* AND language:eng,3,2026-09-06T14:57:21.053522+00:00,all_returned_candidates,"[""597.9600""]",,"[""597.9600""]",[],597.9600,500,590,597,single_code,structured_metadata,"Slither. How Nature's Most Maligned Creatures Illuminate Our World. What does wildness, a true animal life-force, feel like in your hands?",Nonfiction Science Animals Nature Biology History Science Nature Natural History Ecology,"Slither. How Nature's Most Maligned Creatures Illuminate Our World. What does wildness, a true animal life-force, feel like in your hands? Subjects: Nonfiction Science Animals Nature Biology History Science Nature Natural History Ecology",27c759ac0c57ee84b904f78bdf2890bbd02d6ccb009d52c091418a9f8e915655,group_0002725,,,https://openlibrary.org/works/OL42423280W.json ; https://openlibrary.org/books/OL57563724M.json,"The work description focuses on snake biology, ecology and scientific research, supporting science even though it also discusses cultural depictions.",supported_L1,500,Codex assisted source review,L1 only; detailed DDC not certified,2026-09-07T02:20:03.371661+00:00
OL42549840W,I Can Name 50 Trees Today! All about Trees,,,Botany,"[""582.16""]","[""eng""]","[""OL232986A"", ""OL2703939A"", ""OL2686938A""]","[""OL57758259M""]",https://openlibrary.org/search.json,ddc:5* AND language:eng,2,2026-09-06T14:57:19.618295+00:00,all_returned_candidates,"[""582.16""]",,"[""582.16""]",[],582.16,500,580,582,single_code,structured_metadata,I Can Name 50 Trees Today! All about Trees,Botany,I Can Name 50 Trees Today! All about Trees Subjects: Botany,fa1d872acb6cc57f0c9ed7f67f11ebaea89e45f2dc0407a9fd4d346419393aa8,group_0002606,,,https://openlibrary.org/works/OL42549840W.json ; https://openlibrary.org/books/OL57758259M.json,Trees and the botany subject support science.,plausible_L1,500,Codex assisted source review,L1 only; detailed DDC not certified,2026-09-07T02:20:03.371663+00:00
OL42454656W,"Squirrels Leap, Squirrels Sleep",,,Zoology,"[""599.362""]","[""eng""]","[""OL14056286A"", ""OL13721398A""]","[""OL57608828M""]",https://openlibrary.org/search.json,ddc:5* AND language:eng,2,2026-09-06T14:57:19.618295+00:00,all_returned_candidates,"[""599.362""]",,"[""599.362""]",[],599.362,500,590,599,single_code,structured_metadata,"Squirrels Leap, Squirrels Sleep",Zoology,"Squirrels Leap, Squirrels Sleep Subjects: Zoology",24c8c99b706d61acb3e579d83c6fe5ce2e26a5a54562c40ad51ca6f07e1244ea,group_0002638,,,https://openlibrary.org/works/OL42454656W.json ; https://openlibrary.org/books/OL57608828M.json,Squirrel behavior and the zoology subject support science. Preserve the slash notation in the edition's raw code.,plausible_L1,500,Codex assisted source review,L1 only; detailed DDC not certified,2026-09-07T02:20:03.371664+00:00
OL42541787W,Electromagnetic Heterostructures,,,,"[""537.0151""]","[""eng""]","[""OL8241680A""]","[""OL57743610M"", ""OL57751779M""]",https://openlibrary.org/search.json,ddc:5* AND language:eng,5,2026-09-06T14:57:24.025800+00:00,all_returned_candidates,"[""537.0151""]",,"[""537.0151""]",[],537.0151,500,530,537,single_code,structured_metadata,Electromagnetic Heterostructures,,Electromagnetic Heterostructures,8c74ffa18e5d32abf7016db66fa2e3d0e2e1ecfd679f5007bc3194ff0e7df47d,group_0002959,,,https://openlibrary.org/works/OL42541787W.json ; https://openlibrary.org/books/OL57743610M.json ; https://openlibrary.org/books/OL57751779M.json,Electromagnetism supports physics within science. The exact boundary with applied engineering needs fuller content only if finer labels are used.,plausible_L1,500,Codex assisted source review,L1 only; detailed DDC not certified,2026-09-07T02:20:03.371666+00:00
OL45788523W,Redefining Marketing Communication with Neuromarketing and Generative AI,,,,"[""658.8""]","[""eng""]","[""OL13661040A""]","[""OL62323646M"", ""OL62322872M"", ""OL62322464M""]",https://openlibrary.org/search.json,ddc:6* AND language:eng,1,2026-09-06T14:57:25.790408+00:00,all_returned_candidates,"[""658.8""]",,"[""658.8""]",[],658.8,600,650,658,single_code,structured_metadata,Redefining Marketing Communication with Neuromarketing and Generative AI,,Redefining Marketing Communication with Neuromarketing and Generative AI,e7e621fdd7a771aaa4b5d957b373276c8887e20f7e67ce8325a8e581635183e8,group_0003034,,,https://openlibrary.org/works/OL45788523W.json ; https://openlibrary.org/books/OL62323646M.json ; https://openlibrary.org/books/OL62322872M.json,"The focus is marketing communication, making business/management within technology plausible despite AI and neuroscience terminology.",plausible_L1,600,Codex assisted source review,L1 only; detailed DDC not certified,2026-09-07T02:20:03.371669+00:00
OL45147893W,Official We Do Not Care Club Handbook,,,"Women, health and hygiene Motivation (psychology) Menopause","[""612.665""]","[""eng""]","[""OL16276742A""]","[""OL61566219M""]",https://openlibrary.org/search.json,ddc:6* AND language:eng,1,2026-09-06T14:57:25.790408+00:00,all_returned_candidates,"[""612.665""]",,"[""612.665""]",[],612.665,600,610,612,single_code,structured_metadata,Official We Do Not Care Club Handbook,"Women, health and hygiene Motivation (psychology) Menopause","Official We Do Not Care Club Handbook Subjects: Women, health and hygiene Motivation (psychology) Menopause",8ac7268d2f5841dd52a3ba2d8143160b4fb84b84290c3e4a3014d8f3cc701c5b,group_0003010,,,https://openlibrary.org/works/OL45147893W.json ; https://openlibrary.org/books/OL61566219M.json ; https://wedonotcareclub.com/book/we-do-not-care-club-handbook/ ; https://keenenh.gov/wp-content/uploads/2026/03/mar26nf.pdf,"Author describes a guide for perimenopause and menopause, supporting health within 600. Keene Public Library lists 618.175 while Open Library supplies 612.665. Flag the detailed disagreement; the broad class is unchanged.",supported_L1_check_detail,600,Codex assisted source review,L1 only; detailed DDC not certified,2026-09-07T02:20:03.371671+00:00
OL42454611W,Bioremediation of Environmental Toxicants,,,Environmental engineering,"[""628.5""]","[""eng""]","[""OL9156129A"", ""OL12912994A"", ""OL12912995A""]","[""OL57608760M""]",https://openlibrary.org/search.json,ddc:6* AND language:eng,3,2026-09-06T14:57:28.086410+00:00,all_returned_candidates,"[""628.5""]",,"[""628.5""]",[],628.5,600,620,628,single_code,structured_metadata,Bioremediation of Environmental Toxicants,Environmental engineering,Bioremediation of Environmental Toxicants Subjects: Environmental engineering,78aacafe92b309b034fbaeacec3ef1b5d296ad97e1c274199a1a83734bc43115,group_0003265,,,https://openlibrary.org/works/OL42454611W.json ; https://openlibrary.org/books/OL57608760M.json,Bioremediation and the environmental-engineering subject support applied technology.,plausible_L1,600,Codex assisted source review,L1 only; detailed DDC not certified,2026-09-07T02:20:03.371674+00:00
OL42452687W,Hoffbrands Postgraduate Haematology,,,Internal medicine,"[""616.99418""]","[""eng""]","[""OL13661241A"", ""OL15012313A"", ""OL6228891A"", ""OL715391A"", ""OL1103150A""]","[""OL57605872M""]",https://openlibrary.org/search.json,ddc:6* AND language:eng,5,2026-09-06T14:57:30.519289+00:00,all_returned_candidates,"[""616.99418""]",,"[""616.99418""]",[],616.99418,600,610,616,single_code,structured_metadata,Hoffbrands Postgraduate Haematology,Internal medicine,Hoffbrands Postgraduate Haematology Subjects: Internal medicine,b492179ab393b3d21bad59a44ec3e7683b35b39eacce81c503288e1c03d43775,group_0003438,,,https://openlibrary.org/works/OL42452687W.json ; https://openlibrary.org/books/OL57605872M.json ; https://onlinelibrary.wiley.com/doi/book/10.1002/9781119706687,"Publisher describes a general clinical haematology reference spanning multiple blood disorders. Medicine in 600 is supported, but the narrow source code should be checked before any detailed classification experiment.",supported_L1_check_detail,600,Codex assisted source review,L1 only; detailed DDC not certified,2026-09-07T02:20:03.371676+00:00
OL42413406W,Financial and Managerial Accounting,,,,"[""658.1511""]","[""eng""]","[""OL1763171A"", ""OL5305895A"", ""OL8211230A""]","[""OL57546871M""]",https://openlibrary.org/search.json,ddc:6* AND language:eng,4,2026-09-06T14:57:29.176622+00:00,all_returned_candidates,"[""658.1511""]",,"[""658.1511""]",[],658.1511,600,650,658,single_code,structured_metadata,Financial and Managerial Accounting,,Financial and Managerial Accounting,0f6bbaa96b1146da1114cc94152725d18e1732c0322b7879bcf95b4ce6c035b6,group_0003378,,,https://openlibrary.org/works/OL42413406W.json ; https://openlibrary.org/books/OL57546871M.json,Managerial accounting belongs with business management in 600. Financial terminology alone does not make this macroeconomics.,plausible_L1,600,Codex assisted source review,L1 only; detailed DDC not certified,2026-09-07T02:20:03.371677+00:00
OL45621453W,Monir Shahroudy Farmanfarmaian,,,,"[""709""]","[""eng""]","[""OL16462001A""]","[""OL62125132M""]",https://openlibrary.org/search.json,ddc:7* AND language:eng,1,2026-09-06T14:57:31.421635+00:00,all_returned_candidates,"[""709""]",,"[""709""]",[],709,700,700,709,single_code,structured_metadata,Monir Shahroudy Farmanfarmaian,,Monir Shahroudy Farmanfarmaian,20ce34ec3a9fa61fd9149df57a652eb09841d22013df0ce5f703e5de39780971,group_0003545,,,https://openlibrary.org/works/OL45621453W.json ; https://openlibrary.org/books/OL62125132M.json ; https://learninglab.si.edu/collections/get-to-know-monir-shahroudy-farmanfarmaian/syOfmidQEAK5tzpe,"The named subject is an artist, as confirmed by the Smithsonian, so arts is plausible. The exact book edition and its detailed cataloging still need fuller evidence.",plausible_L1,700,Codex assisted source review,L1 only; detailed DDC not certified,2026-09-07T02:20:03.371679+00:00
OL45923362W,Women Artists and Abstract Art in Postwar Rome,,,Art,"[""700.820945632""]","[""eng""]","[""OL8293643A"", ""OL11668063A""]","[""OL62481078M""]",https://openlibrary.org/search.json,ddc:7* AND language:eng,2,2026-09-06T14:57:32.647417+00:00,all_returned_candidates,"[""700.820945632""]",,"[""700.820945632""]",[],700.820945632,700,700,700,single_code,structured_metadata,Women Artists and Abstract Art in Postwar Rome,Art,Women Artists and Abstract Art in Postwar Rome Subjects: Art,c280c5d0cb3edeb172dcca00896abe9b6ce93dc55bfde054c558eb91768a69b9,group_0003623,,,https://openlibrary.org/works/OL45923362W.json ; https://openlibrary.org/books/OL62481078M.json,Women artists and abstract art directly support the arts class; historical place and time do not override the art focus.,plausible_L1,700,Codex assisted source review,L1 only; detailed DDC not certified,2026-09-07T02:20:03.371680+00:00
OL45911904W,Technical Studies of Asian Art,,,,"[""709.5""]","[""eng""]","[""OL16566487A"", ""OL10070144A"", ""OL6898485A"", ""OL16566488A""]","[""OL62466608M""]",https://openlibrary.org/search.json,ddc:7* AND language:eng,2,2026-09-06T14:57:32.647417+00:00,all_returned_candidates,"[""709.5""]",,"[""709.5""]",[],709.5,700,700,709,single_code,structured_metadata,Technical Studies of Asian Art,,Technical Studies of Asian Art,2ed95caf5177f64ac02922bd24ac2372cd6186d907f0017f6187495087be7c36,group_0003613,,,https://openlibrary.org/works/OL45911904W.json ; https://openlibrary.org/books/OL62466608M.json,The title explicitly concerns Asian art. The word technical does not by itself imply technology.,plausible_L1,700,Codex assisted source review,L1 only; detailed DDC not certified,2026-09-07T02:20:03.371682+00:00
OL42397987W,Saphie the One-Eyed Cat Volume 1,,,Children's fiction,"[""741.5""]","[""eng""]","[""OL14991503A""]","[""OL57522552M""]",https://openlibrary.org/search.json,ddc:7* AND language:eng,3,2026-09-06T14:57:33.387263+00:00,all_returned_candidates,"[""741.5""]",,"[""741.5""]",[],741.5,700,740,741,single_code,structured_metadata,Saphie the One-Eyed Cat Volume 1,Children's fiction,Saphie the One-Eyed Cat Volume 1 Subjects: Children's fiction,a4032605e34aa016904a49bee0d6f0f905b0f5263311f6f791babf14c378a960,group_0003774,,,https://openlibrary.org/works/OL42397987W.json ; https://openlibrary.org/books/OL57522552M.json ; https://scholastic.co.nz/media/8839/march-trade-parade_main_final_v9.pdf,Scholastic identifies this edition as a graphic novel. The arts/comics assignment is plausible despite a children's-fiction subject tag.,supported_L1,700,Codex assisted source review,L1 only; detailed DDC not certified,2026-09-07T02:20:03.371684+00:00
OL42402095W,Insecurities in European Football and Supporter Cultures,,,Recreation,"[""796.334094""]","[""eng""]","[""OL10065627A""]","[""OL57528470M""]",https://openlibrary.org/search.json,ddc:7* AND language:eng,2,2026-09-06T14:57:32.647417+00:00,all_returned_candidates,"[""796.334094""]",,"[""796.334094""]",[],796.334094,700,790,796,single_code,structured_metadata,Insecurities in European Football and Supporter Cultures,Recreation,Insecurities in European Football and Supporter Cultures Subjects: Recreation,eeb2f0e712c457d89c7f7db200aa829c56f2d9bd04e370a8bcf496b802cab62b,group_0003669,,,https://openlibrary.org/works/OL42402095W.json ; https://openlibrary.org/books/OL57528470M.json,"Football and supporter cultures support sports/recreation within 700, with related sociology content.",plausible_L1,700,Codex assisted source review,L1 only; detailed DDC not certified,2026-09-07T02:20:03.371686+00:00
OL45613344W,Origins of Apocalyptic Science Fiction,,,Literature,"[""809.38762""]","[""eng""]","[""OL16458442A""]","[""OL62115272M""]",https://openlibrary.org/search.json,ddc:8* AND language:eng,2,2026-09-06T14:57:38.614676+00:00,all_returned_candidates,"[""809.38762""]",,"[""809.38762""]",[],809.38762,800,800,809,single_code,structured_metadata,Origins of Apocalyptic Science Fiction,Literature,Origins of Apocalyptic Science Fiction Subjects: Literature,bf1634c4be4080e1454712cc09c37b182ffdcf18d95354dfda48c6d9bb4f3909,group_0004132,,,https://openlibrary.org/works/OL45613344W.json ; https://openlibrary.org/books/OL62115272M.json,"The origins of a science-fiction genre concern literary study, not natural science.",plausible_L1,800,Codex assisted source review,L1 only; detailed DDC not certified,2026-09-07T02:20:03.371687+00:00
OL45148107W,Ambessa : Chosen of the Wolf : A League of Legends,,,"Fiction, fantasy, epic","[""813.6""]","[""eng""]","[""OL16038432A""]","[""OL61566556M""]",https://openlibrary.org/search.json,ddc:8* AND language:eng,1,2026-09-06T14:57:36.899479+00:00,all_returned_candidates,"[""813.6""]",,"[""813.6""]",[],813.6,800,810,813,single_code,structured_metadata,Ambessa : Chosen of the Wolf : A League of Legends,"Fiction, fantasy, epic","Ambessa : Chosen of the Wolf : A League of Legends Subjects: Fiction, fantasy, epic",e42a301f3d1e1d85d57a0fcac5792d21a7f92378c50b4b37dd8d8646d2aaa2f2,group_0004015,,,https://openlibrary.org/works/OL45148107W.json ; https://openlibrary.org/books/OL61566556M.json,The epic-fantasy fiction subject supports literature. A game-related setting does not itself make this a game manual.,plausible_L1,800,Codex assisted source review,L1 only; detailed DDC not certified,2026-09-07T02:20:03.371689+00:00
OL45910310W,High Spirits at the Village Inn,,,,"[""823.92""]","[""eng""]","[""OL9870736A""]","[""OL62465748M"", ""OL62464401M""]",https://openlibrary.org/search.json,ddc:8* AND language:eng,4,2026-09-06T14:57:40.573275+00:00,all_returned_candidates,"[""823.92""]",,"[""823.92""]",[],823.92,800,820,823,single_code,structured_metadata,High Spirits at the Village Inn,,High Spirits at the Village Inn,21bfd3f52f9d02f90d0709d5c4c0b04d42f1859040c32a39793582b8cf6b8db6,group_0004321,,,https://openlibrary.org/works/OL45910310W.json ; https://openlibrary.org/books/OL62465748M.json ; https://openlibrary.org/books/OL62464401M.json,"The supplied title suggests a novel and the edition supplies 823.92, but no description or subject evidence was retrieved. Retain as unverified rather than certify from the title alone.",unresolved_L1,,Codex assisted source review,L1 only; detailed DDC not certified,2026-09-07T02:20:03.371691+00:00
OL45228951W,A Lady for All Seasons,,It was a damp and dreary afternoon near the end of the London season in the year the regent had become King.,Romance Historical Fiction LGBT Queer Historical Romance Historical Fiction Lesbian Adult LGBTQ+,"[""813.54""]","[""eng""]","[""OL10501609A""]","[""OL61664684M""]",https://openlibrary.org/search.json,ddc:8* AND language:eng,1,2026-09-06T14:57:36.899479+00:00,all_returned_candidates,"[""813.54""]",,"[""813.54""]",[],813.54,800,810,813,single_code,structured_metadata,A Lady for All Seasons. It was a damp and dreary afternoon near the end of the London season in the year the regent had become King.,Romance Historical Fiction LGBT Queer Historical Romance Historical Fiction Lesbian Adult LGBTQ+,A Lady for All Seasons. It was a damp and dreary afternoon near the end of the London season in the year the regent had become King. Subjects: Romance Historical Fiction LGBT Queer Historical Romance Historical Fiction Lesbian Adult LGBTQ+,3c26d336eac1d6a4a1a3c1c9ef7404b76dacf33b1fc82227ebbbe57c6f48d919,group_0004055,,,https://openlibrary.org/works/OL45228951W.json ; https://openlibrary.org/books/OL61664684M.json ; https://www.penguinrandomhouse.com/books/783127/a-lady-for-all-seasons-by-tj-alexander/9798217007295/,"The work synopsis and publisher identify a Regency romance, supporting literature. The exact 813.54 suffix was not independently verified and is unnecessary for the proposed broad target.",supported_L1_check_detail,800,Codex assisted source review,L1 only; detailed DDC not certified,2026-09-07T02:20:03.371692+00:00
OL45911599W,Love Blooms at the Cornish Cottage,,,,"[""823.92""]","[""eng""]","[""OL8487703A""]","[""OL62466174M""]",https://openlibrary.org/search.json,ddc:8* AND language:eng,4,2026-09-06T14:57:40.573275+00:00,all_returned_candidates,"[""823.92""]",,"[""823.92""]",[],823.92,800,820,823,single_code,structured_metadata,Love Blooms at the Cornish Cottage,,Love Blooms at the Cornish Cottage,4d50ee52ff5dc0691118fbce88fae3397b881e80598749d8a16c4d7c6c9bcf16,group_0004380,,,https://openlibrary.org/works/OL45911599W.json ; https://openlibrary.org/books/OL62466174M.json ; https://www.boldwoodbooks.com/book/love-blooms-at-the-cornish-cottage/,"Publisher identifies women's fiction and a romantic series, supporting literature.",supported_L1,800,Codex assisted source review,L1 only; detailed DDC not certified,2026-09-07T02:20:03.371695+00:00
OL42417589W,Lonely Planet Experience Tuscany,,,,"[""914.5504932""]","[""eng""]","[""OL12572150A"", ""OL9631150A"", ""OL1785489A""]","[""OL57554507M""]",https://openlibrary.org/search.json,ddc:9* AND language:eng,4,2026-09-06T14:57:46.680941+00:00,all_returned_candidates,"[""914.5504932""]",,"[""914.5504932""]",[],914.5504932,900,910,914,single_code,structured_metadata,Lonely Planet Experience Tuscany,,Lonely Planet Experience Tuscany,92902ca1b6d47c15236620575f81bd3a6faebaf49e30844931fc8d32e7257b8b,group_0004887,,,https://openlibrary.org/works/OL42417589W.json ; https://openlibrary.org/books/OL57554507M.json,A Tuscany travel guide fits geography/travel in 900.,plausible_L1,900,Codex assisted source review,L1 only; detailed DDC not certified,2026-09-07T02:20:03.371697+00:00
OL45910338W,Spatial Analysis Model for Exploring Human-Environment Interactions,,,,"[""930.1""]","[""eng""]","[""OL16565578A""]","[""OL62464433M""]",https://openlibrary.org/search.json,ddc:9* AND language:eng,1,2026-09-06T14:57:43.554344+00:00,all_returned_candidates,"[""930.1""]",,"[""930.1""]",[],930.1,900,930,930,single_code,structured_metadata,Spatial Analysis Model for Exploring Human-Environment Interactions,,Spatial Analysis Model for Exploring Human-Environment Interactions,61f538f90af6d566972cb384e132226d747b1adeed6485f7fb7825e90d27ccd0,group_0004560,,,https://openlibrary.org/works/OL45910338W.json ; https://openlibrary.org/books/OL62464433M.json ; https://www.cambridge.org/core/elements/spatial-analysis-model-for-exploring-humanenvironment-interactions/FF82FB1751AA5CEBB1F8DC43B726A885,Cambridge places the book in its archaeological tools series and describes reconstruction of historical settlement landscapes. This supports archaeology in 900 rather than generic mathematical modeling.,supported_L1,900,Codex assisted source review,L1 only; detailed DDC not certified,2026-09-07T02:20:03.371699+00:00
OL42542332W,100 Diaries That Chronicled World Events,,,,"[""900""]","[""eng""]","[""OL7636955A""]","[""OL60858579M"", ""OL57744689M""]",https://openlibrary.org/search.json,ddc:9* AND language:eng,3,2026-09-06T14:57:45.506148+00:00,all_returned_candidates,"[""900""]",,"[""900""]",[],900,900,900,900,single_code,structured_metadata,100 Diaries That Chronicled World Events,,100 Diaries That Chronicled World Events,a8f7bf2bdcbd517d22b6448e0af51b0b682587a04858a58386317d8f92d6def2,group_0004762,,,https://openlibrary.org/works/OL42542332W.json ; https://openlibrary.org/books/OL60858579M.json ; https://openlibrary.org/books/OL57744689M.json,A collection organized around diaries chronicling world events plausibly belongs in history. The record does not independently establish a more specific code.,plausible_L1,900,Codex assisted source review,L1 only; detailed DDC not certified,2026-09-07T02:20:03.371700+00:00
OL42402906W,Montgomery vs Rommel at el Agheila 1942,,,World history,"[""940.54231""]","[""eng""]","[""OL14993635A""]","[""OL57529671M""]",https://openlibrary.org/search.json,ddc:9* AND language:eng,4,2026-09-06T14:57:46.680941+00:00,all_returned_candidates,"[""940.54231""]",,"[""940.54231""]",[],940.54231,900,940,940,single_code,structured_metadata,Montgomery vs Rommel at el Agheila 1942,World history,Montgomery vs Rommel at el Agheila 1942 Subjects: World history,5bcc85f39e4593feed0db91d0b431d75405832522905a0e8562e8e8a83464375,group_0004824,,,https://openlibrary.org/works/OL42402906W.json ; https://openlibrary.org/books/OL57529671M.json,The 1942 military campaign and world-history subject support history.,plausible_L1,900,Codex assisted source review,L1 only; detailed DDC not certified,2026-09-07T02:20:03.371702+00:00
OL42398073W,Rough Guide to Ecuador and the Galapagos,,,"America, history","[""918.660475""]","[""eng""]","[""OL3140874A"", ""OL3401986A""]","[""OL57522688M""]",https://openlibrary.org/search.json,ddc:9* AND language:eng,2,2026-09-06T14:57:44.429477+00:00,all_returned_candidates,"[""918.660475""]",,"[""918.660475""]",[],918.660475,900,910,918,single_code,structured_metadata,Rough Guide to Ecuador and the Galapagos,"America, history","Rough Guide to Ecuador and the Galapagos Subjects: America, history",d6617a3bea02595010b0ad3fe3c351ba605bfc9949a7597d0bed6cb95fc243ca,group_0004669,,,https://openlibrary.org/works/OL42398073W.json ; https://openlibrary.org/books/OL57522688M.json,An Ecuador and Galapagos travel guide supports geography/travel in 900.,plausible_L1,900,Codex assisted source review,L1 only; detailed DDC not certified,2026-09-07T02:20:03.371711+00:00
